1;A001;ANUGRAH LESTARI, P.T.;;__.___.___._.___.___;;;;;"";;;;;;;;
2;A002;ATLAS COPCO, P.T.;FINANI;__.___.___._.___.___;;;;;"
";;;;;;;;
3;A003;ANEKA KABEL ELECTRICT, P.T.;;__.___.___._.___.___;;;;;"";;;;;;;;
4;A004;ADHINUSA LESTARI JAYA;SONNY;__.___.___._.___.___;;;;;"
";;;;;;;;
5;A005;ASTRAGRAPHIA, P.T.;;__.___.___._.___.___;;;;;"";;;;;;;;
6;A006;ALIF SEJAHTERA;IBU SRIYANI;__.___.___._.___.___;;;;;"
";;;;;;;;
7;A007;ATIKA;YONGKI;__.___.___._.___.___;;;;;"";;;;;;;;
8;A008;ALAM JAYA;ALAM;__.___.___._.___.___;;;;;"";;;;;;;;
9;A009;ARIES KABEL;;__.___.___._.___.___;;;;;;;;;;;;;
10;A010;ALCARINDO PRIMA, P.T.;FINANI;__.___.___._.___.___;;;;;"
";;;;;;;;
11;A011;AKRAM;BP. ORLIKON;__.___.___._.___.___;;;;;"";;;;;;;;
12;A012;AKUN;;__.___.___._.___.___;;;;;"";;;;;;;;
13;A013;AMAN ABADI;S. ANWAR;__.___.___._.___.___;;;;;"";;;;;;;;
14;A014;ALIONG;;__.___.___._.___.___;;;;;"";;;;;;;;
15;A015;AWI;;__.___.___._.___.___;;;;;;;;;;;;;
16;A016;ANTONY;;__.___.___._.___.___;;;;;;;;;;;;;
17;A017;ASNAWI;;__.___.___._.___.___;;;;;;;;;;;;;
18;A018;ABENG;;__.___.___._.___.___;;;;;;;;;;;;;
19;A019;ARMAN;;__.___.___._.___.___;;;;;;;;;;;;;
20;A020;ASUI;;__.___.___._.___.___;;;;;;;;;;;;;
21;A021;AMIR;;__.___.___._.___.___;;;;;;;;;;;;;
22;A022;ARIF;;__.___.___._.___.___;;;;;"";;;;;;;;
23;A023;ANTONO;;__.___.___._.___.___;;;;;;;;;;;;;
24;A024;AGUS;;__.___.___._.___.___;;;;;;;;;;;;;
25;A025;ASUNG;;__.___.___._.___.___;;;;;;;;;;;;;
26;A026;AFONG;;__.___.___._.___.___;;;;;;;;;;;;;
27;A027;AMANG;;__.___.___._.___.___;;;;;;;;;;;;;
28;A028;ALVIN;;__.___.___._.___.___;;;;;;;;;;;;;
29;A029;ANUGRAH MEGA TERATAI;;__.___.___._.___.___;;;;;;;;;;;;;
30;A030;ANGSANA PUTERA MAKMUR, P.T.;;__.___.___._.___.___;;;;;;;;;;;;;
31;A031;ARI;;__.___.___._.___.___;;;;;;;;;;;;;
32;A032;AYUNG;;__.___.___._.___.___;;;;;"";;;;;;;;
33;A033;ANUGRAH PUTRA CEMERLANG;BP. SUMARYOTO;__.___.___._.___.___;;;;;"";;;;;;;;
34;A034;ARIFIN;BP. ARIFIN;__.___.___._.___.___;;;;;"";;;;;;;;
35;A035;AGUSALIM;;__.___.___._.___.___;;;;;;;;;;;;;
36;A036;ANWAR;;__.___.___._.___.___;;;;;;;;;;;;;
37;A037;ASBUN;;__.___.___._.___.___;;;;;;;;;;;;;
38;A038;AMAR;;__.___.___._.___.___;;;;;;;;;;;;;
39;A039;AHONG;;__.___.___._.___.___;;;;;;;;;;;;;
40;A040;ARYATAMA;;__.___.___._.___.___;;;;;;;;;;;;;
41;A041;ANTONIUS;;__.___.___._.___.___;;;;;;;;;;;;;
42;A042;AKBAR;;__.___.___._.___.___;;;;;;;;;;;;;
43;A043;ALEX;;__.___.___._.___.___;;;;;;;;;;;;;
44;A044;ANTON;;__.___.___._.___.___;;;;;;;;;;;;;
45;A045;ANJAR;;__.___.___._.___.___;;;;;;;;;;;;;
46;A046;ANTORO;;__.___.___._.___.___;;;;;;;;;;;;;
47;A047;ATEX;IBU SOETIASEM;__.___.___._.___.___;;;;;"";;;;;;;;
48;A048;ALUNG;BP. ALUNG;__.___.___._.___.___;;;;;"";;;;;;;;
49;A049;ARIFIN;;__.___.___._.___.___;;;;;;;;;;;;;
50;A050;ASMAMAN;;__.___.___._.___.___;;;;;"";;;;;;;;
51;A051;ABADI BARU;;__.___.___._.___.___;;;;;;;;;;;;;
52;A052;ASENG;;__.___.___._.___.___;;;;;;;;;;;;;
53;A053;AGUS SURYANA;;__.___.___._.___.___;;;;;;;;;;;;;
54;A054;ANDRY;;__.___.___._.___.___;;;;;;;;;;;;;
55;A055;ANDICO LESTARI MANDIRI;ANWARDI;__.___.___._.___.___;;;;;"";;;;;;;;
56;A057;ALFA TEKNIK;BP. DEDI;__.___.___._.___.___;;;;;;;;;;;;;
57;A058;ALFA DATA COMPUTER;BP. AKWET;__.___.___._.___.___;;;;;;;;;;;;;
58;A059;ALFRES;;__.___.___._.___.___;;;;;;;;;;;;;
59;A060;ANAS;;__.___.___._.___.___;;;;;;;;;;;;;
60;A061;ANWAR;;__.___.___._.___.___;;;;;;;;;;;;;
61;A062;ABDUL SUKUR;;__.___.___._.___.___;;;;;"";;;;;;;;
62;A063;AWIE;BP. AWIE;__.___.___._.___.___;;;;;"SUNTER";;;;;;;;
63;A072;AKA. P. T;DEDE;__.___.___._.___.___;;;;;"";;;;;;;;
64;A073;ASIKIN;;__.___.___._.___.___;;;;;"JAKARTA";;;;;;;;
65;A074;ARIKO LOGAM;;__.___.___._.___.___;;;;;"";;;;;;;;
66;A075;AGUS PURWOKERTO;;__.___.___._.___.___;;;;;"";;;;;;;;
67;A076;ANDI MERI S.;ANDI;__.___.___._.___.___;;;;;"BANDUNG";;;;;;;;
68;A077;ALDO TOKO;IBU VINA;__.___.___._.___.___;021-62306655;081513017827;;;"PUSAT GROSIR PASAR PAGI MANGGA DUA LT DASAR BLOK D 002B JAKARTA UTARA 14430";;;;;;;;
69;A078;ABU;;__.___.___._.___.___;;;;;"";;;;;;;;
70;A079;ADI LOGAM , UD;ADI PUTRA S.;__.___.___._.___.___;;;;;"CIBINONG";;;;;;;;
71;A080;ATLANTIK;;__.___.___._.___.___;;;;;"";;;;;;;;
72;A081;ABDUL ROHMAN;;__.___.___._.___.___;;;;;"";;;;;;;;
73;A082;ASMOYASARI JAYA, UD;H. ARSIK;__.___.___._.___.___;;;;;"";;;;;;;;
74;A083;ASTRA INTERNATIONAL TBK, PT.;BAPAK MARIANTO;__.___.___._.___.___;;;;;"";;;;;;;;
75;A084;AYUB KUSUMA;AYUB;__.___.___._.___.___;;;;;"";;;;;;;;
76;A085;ANWAR SUPRIYANTO;;__.___.___._.___.___;;;;;"JAKARTA";;;;;;;;
77;A086;ALPO SEJAHTERA, PT.;;__.___.___._.___.___;;;;;"PECENONGAN RAYA";;;;;;;;
78;A087;AKANG;AKANG;__.___.___._.___.___;;;;;"JAKARTA";;;;;;;;
79;A088;AMENG;;__.___.___._.___.___;;;;;"PEKAN BARU";;;;;;;;
80;A090;AYONG;;__.___.___._.___.___;;;;;"MEDAN";;;;;;;;
81;A091;A BOK;;__.___.___._.___.___;;;;;"";;;;;;;;
82;A092;ANDI;;__.___.___._.___.___;;;;;"";;;;;;;;
83;A093;ANTO;;__.___.___._.___.___;;;;;"";;;;;;;;
84;A094;ANGGA;;__.___.___._.___.___;;;;;"";;;;;;;;
85;A095;AULIA;;__.___.___._.___.___;;;;;"";;;;;;;;
86;A096;ANWAN;;__.___.___._.___.___;;;;;"";;;;;;;;
87;A097;ARSHIYA METAL JAYA, CV.;;__.___.___._.___.___;;;;;"";;;;;;;;
88;A098;ANG SUN PLASTIK, PT.;;03.325.089.5.416.000;;;;;"";;;;;;;;
89;A099;ANDI ANTO;;__.___.___._.___.___;;;;;"";;;;;;;;
90;A100;AFIT JAYA;;__.___.___._.___.___;;;;;"";;;;;;;;
91;A101;ALI LOGAM, UD;;__.___.___._.___.___;;;;;"SEMARANG";;;;;;;;
92;A102;ANUGRAH BANGUN PERKASA, CV;JOKO W;__.___.___._.___.___;;;;;;;;;;;;;
93;A103;ANDIKA TEGUGSETYA, PT.;;__.___.___._.___.___;;;;;;;;;;;;;
94;A104;ASMOYA JAYA;ARDIAN SHAH;__.___.___._.___.___;;;;;"";;;;;;;;
95;A888;ADJUSMENT;;__.___.___._.___.___;;;;;"";;;;;;;;
96;A999;APOLLO;;__.___.___._.___.___;;;;;"";;;;;;;;
97;B001;BARA LOGAM, P.T.;HALIM;__.___.___._.___.___;;;;;"";;;;;;;;
98;B002;BONA INDAH;;__.___.___._.___.___;;;;;"
";;;;;;;;
99;B003;BENGKEL TJOKRO, P.T.;NANDANG;__.___.___._.___.___;;;;;"";;;;;;;;
100;B004;BANGKA JAYA TEKNIK;AMIAW;__.___.___._.___.___;;;;;"
";;;;;;;;
101;B005;BENGKEL BUBUT BUDAYA;BP. EDO, IBU AMYLIA;__.___.___._.___.___;;;;;;;;;;;;;
102;B006;BANDUNG;BP. MINTARDJA SALIM;__.___.___._.___.___;;;;;"";;;;;;;;
103;B007;BAMBANG;;__.___.___._.___.___;;;;;;;;;;;;;
104;B008;BAHRUDIN;;__.___.___._.___.___;;;;;;;;;;;;;
105;B009;BERKAT PARAM BAKTI;;__.___.___._.___.___;;;;;"";;;;;;;;
106;B010;BUDIONO;BUDIONO;__.___.___._.___.___;;;;;"";;;;;;;;
107;B011;BUANA BINTANG;;__.___.___._.___.___;;;;;;;;;;;;;
108;B012;BERDIKARI;;__.___.___._.___.___;;;;;;;;;;;;;
109;B013;BERINDO;;__.___.___._.___.___;;;;;;;;;;;;;
110;B014;BUDI;;__.___.___._.___.___;;;;;;;;;;;;;
111;B015;BAHRI;;__.___.___._.___.___;;;;;;;;;;;;;
112;B016;BUDINATA;;__.___.___._.___.___;;;;;;;;;;;;;
113;B017;BAJA ABADI;;__.___.___._.___.___;;;;;;;;;;;;;
114;B018;BAYU;ERWIN;__.___.___._.___.___;;;;;"";;;;;;;;
115;B019;BICC BERCA CABLES, P.T;ANDRE;__.___.___._.___.___;;;;;;;;;;;;;
116;B020;BINTANG BARU;ANDI;__.___.___._.___.___;;;;;;;;;;;;;
117;B021;BAJA MAS;;__.___.___._.___.___;;;;;;;;;;;;;
118;B022;BINTANG MAS;;__.___.___._.___.___;;;;;;;;;;;;;
119;B023;BUDIONO;;__.___.___._.___.___;;;;;;;;;;;;;
120;B024;BUDI LOGAM;BP. ASUN/SONI;__.___.___._.___.___;;;;;"
";;;;;;;;
121;B025;BENI;;__.___.___._.___.___;;;;;;;;;;;;;
122;B026;BANGUN JAYA;BP. AKIONG;__.___.___._.___.___;;;;;"
CIKARANG";;;;;;;;
123;B029;BUANA SUKSES BERSAMA, P. T.;IBU NADINE;__.___.___._.___.___;;;;;"
";;;;;;;;
124;B030;BEST SUN INDONESIA PT;LINCE/DEWI;__.___.___._.___.___;;;;;"";;;;;;;;
125;B031;BRONZEDIOR DAYA MANDIRI;NITA/OMAN;__.___.___._.___.___;;;;;"";;;;;;;;
126;B032;BENGKEL ENDAH;JOY SANJAYA;__.___.___._.___.___;;;;;"BANDUNG";;;;;;;;
127;B033;BENGKEL SHANGHAI;;__.___.___._.___.___;;;;;"";;;;;;;;
128;B034;BANGKIT TRI FAMILY, PT.;;__.___.___._.___.___;;;;;"";;;;;;;;
129;B035;BINTANG SERAYU, C. V;BPK DIDI;__.___.___._.___.___;;;;;"TANGERANG";;;;;;;;
130;B036;BAROKAH MANDIRI LOGAM;MULYATRIES;__.___.___._.___.___;;;;;"BOGOR";;;;;;;;
131;B037;BADRUS SHOLEH;BADRUS SHOLEH;__.___.___._.___.___;;;;;"JAKARTA
";;;;;;;;
132;B038;BUMI WIJAYA INDORAIL, PT.;;__.___.___._.___.___;;;;;"";;;;;;;;
133;B040;BIMANTIO;;__.___.___._.___.___;;;;;"";;;;;;;;
134;B041;BUANA SUKSES BERSAMA, PT.;;__.___.___._.___.___;;;;;"";;;;;;;;
135;C001;CANGGIH PRESISI, P.T.;DEWI;__.___.___._.___.___;;;;;"";;;;;;;;
136;C003;CIPTA CETAK, P.T.;;__.___.___._.___.___;;;;;;;;;;;;;
137;C004;CHEMTRACO SENTOSA, P. T.;ENY;__.___.___._.___.___;;;;;"";;;;;;;;
138;C005;CASH;;__.___.___._.___.___;;;;;;;;;;;;;
139;C006;CATUR MITRA;MULIA;__.___.___._.___.___;;;;;;;;;;;;;
140;C007;CHEMACO CEMICAL;;__.___.___._.___.___;;;;;;;;;;;;;
141;C008;COKRO;ALAY;__.___.___._.___.___;;;;;"";;;;;;;;
142;C009;C.V. ECHO;;__.___.___._.___.___;;;;;;;;;;;;;
143;C010;CIPTA PRINTING;;__.___.___._.___.___;;;;;;;;;;;;;
144;C011;CAHAYA BARU;;__.___.___._.___.___;;;;;;;;;;;;;
145;C012;CHARLES;;__.___.___._.___.___;;;;;;;;;;;;;
146;C013;COKY;;__.___.___._.___.___;;;;;;;;;;;;;
147;C014;CKE TEKNIK;;__.___.___._.___.___;;;;;;;;;;;;;
148;C015;CAHAYA, P. T.;;__.___.___._.___.___;;;;;;;;;;;;;
149;C016;CV. CITRA NUSANTARA MANDIRI;;__.___.___._.___.___;;;;;;;;;;;;;
150;C017;CAHAYA CROME, P.T.;;__.___.___._.___.___;;;;;;;;;;;;;
151;C018;CAHYADI;;__.___.___._.___.___;;;;;;;;;;;;;
152;C019;CHANDRA;;__.___.___._.___.___;;;;;;;;;;;;;
153;C020;CIPTO;;__.___.___._.___.___;;;;;;;;;;;;;
154;C021;CAHAYA TERANG;;__.___.___._.___.___;;;;;;;;;;;;;
155;C022;CITRA SELARAS;;__.___.___._.___.___;;;;;;;;;;;;;
156;C023;CITRA NUSA CEMERLANG;;__.___.___._.___.___;;;;;;;;;;;;;
157;C024;CEMERLANG;NUZWAR;__.___.___._.___.___;;;;;;;;;;;;;
158;C025;CAHAYA PRIMA;;__.___.___._.___.___;;;;;;;;;;;;;
159;C026;CAHYO;;__.___.___._.___.___;;;;;;;;;;;;;
160;C027;CIKUPA MEGAH KENCANA;;__.___.___._.___.___;;;;;;;;;;;;;
161;C028;CIPTA BARU;BP. IWAN;__.___.___._.___.___;;;;;;;;;;;;;
162;C029;CHEN HSI JAYA PERKASA;JIMMY;__.___.___._.___.___;;;;;"TANGERANG";;;;;;;;
163;C030;CITRA NIAGA;DEWI;__.___.___._.___.___;;;;;"";;;;;;;;
164;C031;CENTRAL CRANE;ERIK;__.___.___._.___.___;;;;;"";;;;;;;;
165;C033;CENTRAL DIESEL;SOBIRIN;__.___.___._.___.___;;;;;"
";;;;;;;;
166;C034;COMETAL, C. V;BPK LUTFI;__.___.___._.___.___;;;;;"TANGERANG";;;;;;;;
167;C035;CAKRA JAYA (BEWOK);;__.___.___._.___.___;;;;;"
";;;;;;;;
168;C036;CENTRAL METAL;;__.___.___._.___.___;;;;;"";;;;;;;;
169;C037;CCTV 21.COM;;__.___.___._.___.___;;;;;"JAKARTA";;;;;;;;
170;C038;CRISTINE;CRISTINE;__.___.___._.___.___;;;;;"";;;;;;;;
171;D001;DAYA CIPTA TEKNIK, P.T.;YUSUF;__.___.___._.___.___;;;;;;;;;;;;;
172;D002;DUTA MANDIRI;GANDI;__.___.___._.___.___;;;;;;;;;;;;;
173;D003;DUTA BAN CENTER;BUDIMAN;__.___.___._.___.___;;;;;;;;;;;;;
174;D004;DAMINDO, P. T.;LUCY;__.___.___._.___.___;;;;;;;;;;;;;
175;D005;DUNIA JAYA;HERIANTO;__.___.___._.___.___;;;;;;;;;;;;;
176;D006;DEDEN;;__.___.___._.___.___;;;;;;;;;;;;;
177;D007;DIGI INDONESIA NUSANTARA, P. T.;ROHIM;__.___.___._.___.___;;;;;;;;;;;;;
178;D008;DUDUNG;;__.___.___._.___.___;;;;;;;;;;;;;
179;D009;DONI;;__.___.___._.___.___;;;;;;;;;;;;;
180;D010;DWI JAYA, C.V.;;__.___.___._.___.___;;;;;;;;;;;;;
181;D011;DARMADI;;__.___.___._.___.___;;;;;;;;;;;;;
182;D012;DUTA CARBON;UTORO;__.___.___._.___.___;;;;;"";;;;;;;;
183;D013;DAIM;;__.___.___._.___.___;;;;;;;;;;;;;
184;D014;DIHAN PUTRA PERKLASA, P. T.;;__.___.___._.___.___;;;;;;;;;;;;;
185;D015;DESVANTRI;;__.___.___._.___.___;;;;;;;;;;;;;
186;D016;DANANG;;__.___.___._.___.___;;;;;;;;;;;;;
187;D017;DEWI;;__.___.___._.___.___;;;;;;;;;;;;;
188;D018;DICKY;;__.___.___._.___.___;;;;;;;;;;;;;
189;D019;DIDI;;__.___.___._.___.___;;;;;;;;;;;;;
190;D020;DADANG;;__.___.___._.___.___;;;;;;;;;;;;;
191;D021;DADI;;__.___.___._.___.___;;;;;;;;;;;;;
192;D022;DASUKI;;__.___.___._.___.___;;;;;;;;;;;;;
193;D023;DEMI SANTOSO;;__.___.___._.___.___;;;;;;;;;;;;;
194;D024;DUTA MANDIRI MOTOR;;__.___.___._.___.___;;;;;;;;;;;;;
195;D025;DUTA MANDIRI TEKNIK;;__.___.___._.___.___;;;;;;;;;;;;;
196;D026;DARMA UTAMA, P.D.;JUNAEDI;__.___.___._.___.___;;;;;;;;;;;;;
197;D027;DARMINTO;;__.___.___._.___.___;;;;;;;;;;;;;
198;D028;DENKY SHOJI;BP.SOFYAN;__.___.___._.___.___;;;;;"";;;;;;;;
199;D032;DWI CENTRO PERKASA PT.;LIBRI ANTIKA;__.___.___._.___.___;;;;;"";;;;;;;;
200;D034;DUASATU CCTV;;__.___.___._.___.___;;;;;"";;;;;;;;
201;D035;DENKI SHOJI CO.,LTD,;BPK EFENDI;__.___.___._.___.___;;;;;"JAPAN";;;;;;;;
202;D036;DIESEL JAYA;BPK ACENG;__.___.___._.___.___;;;;;"JL. TAMAN SARI RAYA NO. 10 JAKARTA 11160
";;;;;;;;
203;D037;DAAN MOGOT BAN;JOHN YOSEF;__.___.___._.___.___;;;;;"
";;;;;;;;
204;D038;DUTA LISTRIK GRAHA PRIMA, PT.;ANDRI;__.___.___._.___.___;;;;;"";;;;;;;;
205;D040;DEYANG JIECHUANG WIRE & CABLE MACHINERY CO.,LTD;MA JIA;__.___.___._.___.___;;;;;"";;;;;;;;
206;D041;DSL INDONESIA , PT.;;__.___.___._.___.___;;;;;"";;;;;;;;
207;D043;DYAN;;__.___.___._.___.___;;;;;"";;;;;;;;
208;D044;DIANA;;__.___.___._.___.___;;;;;"";;;;;;;;
209;D045;DATACOMM DIANGRAHA, PT;JUWITA NATASIA;__.___.___._.___.___;021-29979797;081325464519;;;"JL.KAPTEN TENDEAN NO.18 A 
JAKARTA 12790";;;;;;;;
210;E001;EKO;;__.___.___._.___.___;;;;;;;;;;;;;
211;E002;ERASINDO;;__.___.___._.___.___;;;;;;;;;;;;;
212;E003;ENDANG;;__.___.___._.___.___;;;;;;;;;;;;;
213;E004;EFENDI;;__.___.___._.___.___;;;;;;;;;;;;;
214;E005;ENDRO;;__.___.___._.___.___;;;;;;;;;;;;;
215;E006;ELKOM NUSANTARA;;__.___.___._.___.___;;;;;;;;;;;;;
216;E007;EDI;;__.___.___._.___.___;;;;;;;;;;;;;
217;E008;ENI;;__.___.___._.___.___;;;;;;;;;;;;;
218;E009;EAGLE EXPRESS LINES OF MERALCO STA MESA, MANILA;;__.___.___._.___.___;;;;;;;;;;;;;
219;E011;EKATAMA MANDALAWIRA, P. T;BPK SETIAWAN;__.___.___._.___.___;;;;;"JAKARTA";;;;;;;;
220;E012;EKASAPTA HIDUPMAJU, PT.;;__.___.___._.___.___;;;;;"SURABAYA";;;;;;;;
221;E013;EKA JAYA;;__.___.___._.___.___;;;;;"";;;;;;;;
222;F001;FREDY CHANG;;__.___.___._.___.___;;;;;;;;;;;;;
223;F002;FIRDAUS;;__.___.___._.___.___;;;;;;;;;;;;;
224;F003;FUSENG INDONESIA;ROSMA;__.___.___._.___.___;;;;;;;;;;;;;
225;F004;FANDY;;__.___.___._.___.___;;;;;;;;;;;;;
226;F005;FUJI ELECTRIC;BP. DWI;__.___.___._.___.___;;;;;;;;;;;;;
227;F006;FAJAR;;__.___.___._.___.___;;;;;;;;;;;;;
228;F007;FREDY;;__.___.___._.___.___;;;;;;;;;;;;;
229;F008;FATUR;;__.___.___._.___.___;;;;;;;;;;;;;
230;F009;FAN TEKNIK;;__.___.___._.___.___;;;;;;;;;;;;;
231;F010;FAJRI;;__.___.___._.___.___;;;;;;;;;;;;;
232;F011;FAI JAYA;BP.ABDUL FAKKAR;__.___.___._.___.___;021-8231335;;;;"JL. CILEUNGSI SETU RT/RW.01/01 DS. LIMUSNUNGGAL CILEUNGSI BOGOR";;;;;;;;
233;F012;FASA ABADI TEKNIK;SUBAKIR/AGUSTINUS;__.___.___._.___.___;;;;;"";;;;;;;;
234;F013;FORUM INDONESIA;-;__.___.___._.___.___;;;;;"";;;;;;;;
235;F014;FATEK SOLUSINDO, P. T;BPK SUTRISNO;__.___.___._.___.___;;;;;"JAKARTA
";;;;;;;;
236;F015;PETRA ERKA PERKASA, P. T;BPK HERU;__.___.___._.___.___;;;;;"JAKARTA";;;;;;;;
237;F016;FURIN JAYA, PT.;;__.___.___._.___.___;;;;;"";;;;;;;;
238;F017;FRAJI;;__.___.___._.___.___;;;;;"";;;;;;;;
239;G001;GORA MITRA SEJATI;;__.___.___._.___.___;;;;;;;;;;;;;
240;G002;GUNADI;;__.___.___._.___.___;;;;;;;;;;;;;
241;G003;GUNAWAN;;__.___.___._.___.___;;;;;;;;;;;;;
242;G004;GLEN;;__.___.___._.___.___;;;;;;;;;;;;;
243;G005;GRACIA LOGAM;DANIL;__.___.___._.___.___;;;;;"
PALEM";;;;;;;;
244;G006;GUNUNG BARU;;__.___.___._.___.___;;;;;"";;;;;;;;
245;G007;GRAFINDO ARTAPERSADA, P. T.;;__.___.___._.___.___;;;;;"";;;;;;;;
246;G008;GLOBISSYS INDONESIA;BUDI.;__.___.___._.___.___;;;;;"";;;;;;;;
247;G009;GAYA ABADI SEMPURNA, PT.;;__.___.___._.___.___;;;;;"";;;;;;;;
248;G010;GEGANA PUTRA LOGAM, PT.;;__.___.___._.___.___;;;;;"";;;;;;;;
249;G011;GRACIA ABADI PT.;BP.DAVID;__.___.___._.___.___;;;;;"";;;;;;;;
250;G012;GRACIA TEHNIK;BPK. HENDI;__.___.___._.___.___;021-99700032;021-33777072;;;"JL. HALIM PERDANA KUSUMA NO. 85 JURUMUDI BENDA TANGERANG";;;;;;;;
251;G013;GRAFINDO;;__.___.___._.___.___;;;;;"
";;;;;;;;
252;G014;GARUDA GEARING;;__.___.___._.___.___;;;;;"";;;;;;;;
253;G015;GANAMAS PRIMA;;__.___.___._.___.___;;;;;"";;;;;;;;
254;G017;GUNAWAN WIJAYA;;__.___.___._.___.___;;;;;"";;;;;;;;
255;G999;GUDANG BARANG JADI;;__.___.___._.___.___;;;;;"";;;;;;;;
256;H001;HIDUP BARU;;__.___.___._.___.___;;;;;;;;;;;;;
257;H002;HASTAR PRINTING;HENNY;__.___.___._.___.___;;;;;;;;;;;;;
258;H003;HERMANTO;HERMANTO;__.___.___._.___.___;;;;;;;;;;;;;
259;H004;HENNY;IBU SARI;__.___.___._.___.___;;;;;"";;;;;;;;
260;H005;HARYONO;HARYONO;__.___.___._.___.___;;;;;;;;;;;;;
261;H006;HARAPAN JAYA;SAEJI;__.___.___._.___.___;;;;;;;;;;;;;
262;H007;HAJI USMAN;;__.___.___._.___.___;;;;;;;;;;;;;
263;H008;HERMAN;;__.___.___._.___.___;;;;;;;;;;;;;
264;H009;HASAN;;__.___.___._.___.___;;;;;;;;;;;;;
265;H010;H. SUTAN;;__.___.___._.___.___;;;;;;;;;;;;;
266;H011;H. RAMLI;;__.___.___._.___.___;;;;;;;;;;;;;
267;H012;H. IBNU;;__.___.___._.___.___;;;;;;;;;;;;;
268;H013;H. WAHIDIN;;__.___.___._.___.___;;;;;;;;;;;;;
269;H014;HENDRI;;__.___.___._.___.___;;;;;;;;;;;;;
270;H015;HENDRA;;__.___.___._.___.___;;;;;;;;;;;;;
271;H016;H. AHMAD;;__.___.___._.___.___;;;;;;;;;;;;;
272;H017;HIMAWAN;;__.___.___._.___.___;;;;;;;;;;;;;
273;H018;HAM,BALI;;__.___.___._.___.___;;;;;;;;;;;;;
274;H019;H.P METALS INDONESIA;BP. RONNY;__.___.___._.___.___;;;;;;;;;;;;;
275;H020;H. ANSORO;;__.___.___._.___.___;;;;;;;;;;;;;
276;H021;HASBULAH;;__.___.___._.___.___;;;;;;;;;;;;;
277;H022;H. ABDULLAH;;__.___.___._.___.___;;;;;;;;;;;;;
278;H023;HUSNI;;__.___.___._.___.___;;;;;;;;;;;;;
279;H024;HANDOYO;;__.___.___._.___.___;;;;;;;;;;;;;
280;H025;HASIDIN;;__.___.___._.___.___;;;;;;;;;;;;;
281;H026;HASAN;;__.___.___._.___.___;;;;;;;;;;;;;
282;H027;HAMBYAH;;__.___.___._.___.___;;;;;;;;;;;;;
283;H028;HEMEL ELECTRICK;LIA/HERMAN;__.___.___._.___.___;;;;;;;;;;;;;
284;H029;HUTAMA AGUNG LESTARI;;__.___.___._.___.___;;;;;;;;;;;;;
285;H030;HAKIM;;__.___.___._.___.___;;;;;;;;;;;;;
286;H031;HENGKY;;__.___.___._.___.___;;;;;;;;;;;;;
287;H032;HALIM;;__.___.___._.___.___;;;;;;;;;;;;;
288;H033;HARYADI;;__.___.___._.___.___;;;;;;;;;;;;;
289;H034;HARTA PERINDO SEJAHTERA, P. T.;;__.___.___._.___.___;;;;;;;;;;;;;
290;H035;HERU;;__.___.___._.___.___;;;;;;;;;;;;;
291;H036;HJ. NIDI;;__.___.___._.___.___;;;;;"TANGERANG.";;;;;;;;
292;H037;HARTONO SUBAGYO;;__.___.___._.___.___;;;;;"SURABAYA";;;;;;;;
293;H038;HJ. SOLEH;HJ. SOLEH;__.___.___._.___.___;;;;;"TANGERANG";;;;;;;;
294;H039;HAKIMAN;BP. HAKIMAN;__.___.___._.___.___;;;;;"tangerang";;;;;;;;
295;H040;H.IBRAHIM;H.IBRAHIM;__.___.___._.___.___;;;;;"TANGERANG";;;;;;;;
296;H041;HAO SENG PT;ROSMA;__.___.___._.___.___;;;;;"";;;;;;;;
297;H043;HENRY TEKNIK UTAMA PT;SUPRATMAN;__.___.___._.___.___;;;;;"";;;;;;;;
298;H044;HIAN STEEL PERKASA;SUPRATMAN;__.___.___._.___.___;;;;;"";;;;;;;;
299;H045;HUGO METAL LANCAR JAYA, P. T;IBU LIA;__.___.___._.___.___;;;;;"JAKARTA";;;;;;;;
300;H046;HENDRA PRATAMA, CV.;;__.___.___._.___.___;;;;;"PALEMBANG";;;;;;;;
301;H047;HILMAWAN;;__.___.___._.___.___;;;;;"";;;;;;;;
302;H048;HARYANTO;;__.___.___._.___.___;;;;;"";;;;;;;;
303;H049;HANWA ROYAL METALS, PT.;;__.___.___._.___.___;;;;;"";;;;;;;;
304;H050;HERRIE;;__.___.___._.___.___;;;;;"";;;;;;;;
305;H051;HAIRUL;;__.___.___._.___.___;;;;;"";;;;;;;;
306;H052;H. JASULI;JAKARTA;__.___.___._.___.___;;;;;"";;;;;;;;
307;I001;IKA WIRA NIAGA;AGUS;__.___.___._.___.___;;;;;;;;;;;;;
308;I002;INDO SUPER KENCANA;;__.___.___._.___.___;;;;;;;;;;;;;
309;I003;INDAH JAYA;HANI;__.___.___._.___.___;;;;;"
";;;;;;;;
310;I004;INTI GELORA SETIA;BPK ADI;__.___.___._.___.___;;;;;"
";;;;;;;;
311;I005;INDO LOGAM;BP. JHONI SETIAWAN;__.___.___._.___.___;;;;;"";;;;;;;;
312;I006;IMAM;;__.___.___._.___.___;;;;;;;;;;;;;
313;I007;IWAN;HARRIES CANDRA;__.___.___._.___.___;;;;;"";;;;;;;;
314;I008;INDO BATA  API;HENDRA;__.___.___._.___.___;;;;;;;;;;;;;
315;I009;IRWAN;;__.___.___._.___.___;;;;;;;;;;;;;
316;I010;INNOVA INDONESIA;;__.___.___._.___.___;;;;;;;;;;;;;
317;I011;INDOPORLEN, P.T.;MUCHLIS;__.___.___._.___.___;;;;;;;;;;;;;
318;I012;IMRAN;;__.___.___._.___.___;;;;;;;;;;;;;
319;I013;IRNA;;__.___.___._.___.___;;;;;;;;;;;;;
320;I014;IDEALFORMICA, P. T.;;__.___.___._.___.___;;;;;;;;;;;;;
321;I015;INDOKA JAYA, P.T.;;__.___.___._.___.___;;;;;;;;;;;;;
322;I016;INDOKA KARYA;;__.___.___._.___.___;;;;;;;;;;;;;
323;I017;IPUNG;;__.___.___._.___.___;;;;;;;;;;;;;
324;I018;ISMOYO;;__.___.___._.___.___;;;;;;;;;;;;;
325;I019;IMORA, P.T.;;__.___.___._.___.___;;;;;;;;;;;;;
326;I020;IVAN;BP. IVAN;__.___.___._.___.___;;;;;"";;;;;;;;
327;I021;INDO KAWAT;;__.___.___._.___.___;;;;;;;;;;;;;
328;I022;INDO KAWAT SUKSES, P.T.;;__.___.___._.___.___;;;;;;;;;;;;;
329;I023;IBNU;;__.___.___._.___.___;;;;;;;;;;;;;
330;I024;INDOVISION;;__.___.___._.___.___;;;;;;;;;;;;;
331;I025;INDAH LESTARI LOGAM, P.T.;IBU LENNA WATI;__.___.___._.___.___;;;;;"";;;;;;;;
332;I026;INDO CITRA BAJA SEMPANA, P. T.;;__.___.___._.___.___;;;;;"";;;;;;;;
333;I027;INTERINDO UTAMA, CV.;SYAHRUL;__.___.___._.___.___;;;;;"";;;;;;;;
334;I028;INCAP ALTIN UTAMA, P.T.;;__.___.___._.___.___;;;;;"
";;;;;;;;
335;I029;INDUSTRIAL MULTI FAN;TAUFIK;__.___.___._.___.___;;;;;"";;;;;;;;
336;I030;INTAN MANDIRI, CV;NURHASAN;__.___.___._.___.___;;;;;"BEKASI";;;;;;;;
337;I031;INDOKARYA MANDIRI;IBU THERESIA;__.___.___._.___.___;021-55775515;021-55774473;021-55774902;;"KOMP RUKO BANJAR WIJAYA BLOK B1/28 JLN. KH. HASYIM ASHARI";;;;;;;;
338;I032;INTI LINGGA SUKSES, P. T;RUDY ANTO;__.___.___._.___.___;;;;;"JAKARTA";;;;;;;;
339;I033;INDOKITA MAKMUR, P. T;IBU SILVIA;__.___.___._.___.___;;;;;"JAKARTA";;;;;;;;
340;I036;IFAN HERMAWAN;;__.___.___._.___.___;;;;;"";;;;;;;;
341;I037;IZAKUIKI TEHNIK SOLUSI, CV;;__.___.___._.___.___;;;;;"";;;;;;;;
342;I038;IRAWAN;;__.___.___._.___.___;;;;;"";;;;;;;;
343;I039;INTAN;;__.___.___._.___.___;;;;;"";;;;;;;;
344;I040;ISHIKAWA METALS INDONESIA, CV.;;__.___.___._.___.___;;;;;"";;;;;;;;
345;J001;JAYACON PANEL UTAMA;;__.___.___._.___.___;;;;;;;;;;;;;
346;J003;JAYA READY MIX, P.T.;IBU YENI;__.___.___._.___.___;;;;;;;;;;;;;
347;J004;JALI INDONESIA UTAMA;VANY;__.___.___._.___.___;;;;;;;;;;;;;
348;J005;JAYA MANDIRI;BAYU;__.___.___._.___.___;;;;;"";;;;;;;;
349;J006;JECCO UTAMA MANDIRI, P. T.;;__.___.___._.___.___;;;;;;;;;;;;;
350;J007;JOKO;;__.___.___._.___.___;;;;;;;;;;;;;
351;J008;JIMMY;;__.___.___._.___.___;;;;;;;;;;;;;
352;J009;JATI;;__.___.___._.___.___;;;;;;;;;;;;;
353;J010;JALY INDONESIA UTAMA, P. T.;FANI;__.___.___._.___.___;;;;;"";;;;;;;;
354;J011;JASA SCRAFOLDING;;__.___.___._.___.___;;;;;;;;;;;;;
355;J012;JENI;;__.___.___._.___.___;;;;;;;;;;;;;
356;J013;JASA LESTARI, P. T.;;__.___.___._.___.___;;;;;;;;;;;;;
357;J014;JAYATAMA MEGAH PERKASA, P. T.;;__.___.___._.___.___;;;;;;;;;;;;;
358;J016;JAYA BERSAMA TEKNIK;BP. IWAN;__.___.___._.___.___;;;;;"";;;;;;;;
359;J017;JC UTAMA TEKNIK INDONESIA PT;ANTON;__.___.___._.___.___;;;;;"";;;;;;;;
360;J018;JOY ( BENGKEL ENDAH );;__.___.___._.___.___;;;;;"Jl. Padalarang No. 54 Bandung";;;;;;;;
361;J019;JUNG LIE;JUNG LIE;__.___.___._.___.___;;;;;"JAKARTA";;;;;;;;
362;J020;JASA SARANA TEHNIK;BPK SOBIRIN;__.___.___._.___.___;021-33354837;;021-53671460/5362803;;"BINONG LIPPO KARAWACI BLOK BB 38/8 TANGERANG BANTEN
";;;;;;;;
363;J021;JUANA LOGAM;SABAR;__.___.___._.___.___;;;;;"";;;;;;;;
364;J022;JUDA TERUNA, P. T;IBU YANNI;__.___.___._.___.___;;;;;"JAKARTA";;;;;;;;
365;J023;JAYA HATI, UD;UJANG;__.___.___._.___.___;;;;;"CAKUNG";;;;;;;;
366;J024;JUANA;;__.___.___._.___.___;;;;;"";;;;;;;;
367;J025;JOHNI;;__.___.___._.___.___;;;;;"";;;;;;;;
368;J026;JAYA REFRACTORINDO UTAMA, PT.;;__.___.___._.___.___;;;;;"";;;;;;;;
369;J027;JACK LESMANA;IBU ASIAN;__.___.___._.___.___;;;;;"";;;;;;;;
370;J028;JAYA LOGAM, CV.;MINARTO;__.___.___._.___.___;;;;;PEKAN BARU;;;;;;;;
371;K001;KARYA METAL, P. T.;SRI;__.___.___._.___.___;;;;;;;;;;;;;
372;K002;KAWI MAS;TITI, AMIAW;__.___.___._.___.___;;;;;;;;;;;;;
373;K003;KHARISMA ABADI;IBU SELFI;__.___.___._.___.___;;;;;"";;;;;;;;
374;K004;KARYA NUSA;ACHMAD;__.___.___._.___.___;;;;;;;;;;;;;
375;K005;KUSNAN;;__.___.___._.___.___;;;;;;;;;;;;;
376;K006;KUAT;;__.___.___._.___.___;;;;;;;;;;;;;
377;K007;KRISTI JAYA;IBU SRI;__.___.___._.___.___;;;;;"";;;;;;;;
378;K008;KRANTZ THERMO TECHNOLOGY INTERNATIONAL;MERLYN;__.___.___._.___.___;;;;;;;;;;;;;
379;K010;KURNIA, P. T.;;__.___.___._.___.___;;;;;;;;;;;;;
380;K011;KASTOR & WHEEL INDONESIA, P. T.;;__.___.___._.___.___;;;;;;;;;;;;;
381;K012;KOLIK;;__.___.___._.___.___;;;;;;;;;;;;;
382;K013;KARYA MOTOR;;__.___.___._.___.___;;;;;;;;;;;;;
383;K014;KEMBAR TEKNIK;;__.___.___._.___.___;;;;;;;;;;;;;
384;K015;KOMIKO JAYA IMEXINDO, P. T.;;__.___.___._.___.___;;;;;;;;;;;;;
385;K016;KANU;;__.___.___._.___.___;;;;;;;;;;;;;
386;K017;KARYADINAMIKA ANUGRAHPRIMA, P. T.;;__.___.___._.___.___;;;;;;;;;;;;;
387;K018;KARUNIA JAMBU DIPA;BP. VINCENTIUS AAN;__.___.___._.___.___;;;;;"";;;;;;;;
388;K019;BP. KUSWANDI;;__.___.___._.___.___;;;;;;;;;;;;;
389;K020;KARUNIA ELEKTRINDO, P. T;BP. LEO;__.___.___._.___.___;;;;;"JAKARTA

";;;;;;;;
390;K022;KUARTA PUTRA PRATAMA;ANTON;__.___.___._.___.___;;;;;"";;;;;;;;
391;K023;KHARISMA BEARING;MIRA;__.___.___._.___.___;;;;;"";;;;;;;;
392;K024;KUMALA JAYA INTERNUSA PT.;RETNO;__.___.___._.___.___;021-65303174;;021-6516174;;"COMPLEKS RUKO NIRWANA ASRI BLOK J2 NO.35 SUNTER PARADISE  JAKARTA UTARA

";;;;;;;;
393;K025;KARBINDO ALAM PRIMA PT;EVA;__.___.___._.___.___;;;;;"";;;;;;;;
394;K028;KAMAJAYA ANEKA LESTARI, P.T;;__.___.___._.___.___;02175881838;;02175881839;;"TAMAN TEKNO BSD TAHAP III SEKTOR 11 BLOK A1 NO. 7 SERPONG TANGERANG 15314";;;;;;;;
395;K029;KUMALA SAKTI, PD;BPK EDI;__.___.___._.___.___;;;;;"JAKPUS";;;;;;;;
396;K071;KALASINDO PRIMA SEJAHTERA, PT.;;__.___.___._.___.___;;;;;"";;;;;;;;
397;K072;KARYA TEGUH METAL JAYA, PT.;;__.___.___._.___.___;;;;;"
";;;;;;;;
398;K073;KLOVA GLOBAL MANDIRI, PT.;;__.___.___._.___.___;;;;;"";;;;;;;;
399;K074;KANO ROD AND WIRE, CV.;;__.___.___._.___.___;;;;;"";;;;;;;;
400;K075;KALIMAN, PT.;;__.___.___._.___.___;;;;;"";;;;;;;;
401;K999;KUPAS;;__.___.___._.___.___;;;;;"";;;;;;;;
402;L001;LAUTAN LUAS/INDONESIAN ACIDS INDUSTRY;LINA;__.___.___._.___.___;;;;;"";;;;;;;;
403;L002;LAUTAN BERLIAN;SUPRIYONO;__.___.___._.___.___;;;;;;;;;;;;;
404;L003;LOGAM KENCANA;IBU YETTY;__.___.___._.___.___;;;;;"";;;;;;;;
405;L004;LOGAM HENDASY PUTRA;HENDRA N.;__.___.___._.___.___;;;;;;;;;;;;;
406;L005;LOGAM MANDIRI;BP. TEDDY;__.___.___._.___.___;;;;;"";;;;;;;;
407;L006;LUMBUNG BERKAH;ECI;__.___.___._.___.___;;;;;"";;;;;;;;
408;L007;LUCKY STAR;;__.___.___._.___.___;;;;;;;;;;;;;
409;L008;LEO TEKNINDO;;__.___.___._.___.___;;;;;;;;;;;;;
410;L009;LIA LINTAS, P. T.;;__.___.___._.___.___;;;;;;;;;;;;;
411;L010;LOGAM KARISMA, PT.;BP.AKIONG;__.___.___._.___.___;;;;;"CIKARANG";;;;;;;;
412;L011;LOGAM NIAGA, C.V.;BP. SUKIANTO. S.;__.___.___._.___.___;;;;;"SERPONG - TANGERANG. BANTEN.";;;;;;;;
413;L012;LILI;LILI;__.___.___._.___.___;;;;;"JAKARTA";;;;;;;;
414;L013;LITA JAYA;KIK;__.___.___._.___.___;;;;;"";;;;;;;;
415;L014;LEO;LEO;__.___.___._.___.___;;;;;"";;;;;;;;
416;L015;LORINA COLLECTION;;__.___.___._.___.___;021-62300895;;021-6016540;;"JL. MANGGA DUA RAYA ( ITC ) LT 1 BLOK D NO. 14 JAKARTA UTARA";;;;;;;;
417;L016;LESTARI ELECTRIC;IBU LINA;__.___.___._.___.___;021-5389857;;021-53156785;;"RUKO VILLA MELATI MAS BLOK B10 NO. 20 SERPONG";;;;;;;;
418;L017;LESMANA;;__.___.___._.___.___;;;;;"";;;;;;;;
419;L018;LUBIS;;__.___.___._.___.___;;;;;"";;;;;;;;
420;L019;LING YING SEJAHTERA, CV.;;__.___.___._.___.___;;;;;"";;;;;;;;
421;M001;MASA ELECTRONIC;AFAT;__.___.___._.___.___;;;;;;;;;;;;;
422;M002;MULIA;ASENG;__.___.___._.___.___;;;;;"";;;;;;;;
423;M003;MENARA RAJAWALI;DEBY;__.___.___._.___.___;;;;;"";;;;;;;;
424;M004;MULTI TEKNIK, P. T.;;__.___.___._.___.___;;;;;;;;;;;;;
425;M005;MATRAMAN TIRTA MURNI;BP. GUNARTO;__.___.___._.___.___;;;;;;;;;;;;;
426;M006;MITRA SEJUK SELARAS;JEMI;__.___.___._.___.___;;;;;;;;;;;;;
427;M007;MR. CHEN;MR. CHEN AN LAO;__.___.___._.___.___;;;;;"";;;;;;;;
428;M008;MAKMUR SEJAHTERA;;__.___.___._.___.___;;;;;;;;;;;;;
429;M009;MULTI SUKSES;;__.___.___._.___.___;;;;;;;;;;;;;
430;M010;MULYADI;;__.___.___._.___.___;;;;;;;;;;;;;
431;M011;MUGI,P.T.;PRAPTO;__.___.___._.___.___;;;;;"";;;;;;;;
432;M012;MEIWA PACK INDONESIA;LILI;__.___.___._.___.___;;;;;;;;;;;;;
433;M013;MANDANI;;__.___.___._.___.___;;;;;;;;;;;;;
434;M014;MEKAR JAYA ABADI, P.T.;;__.___.___._.___.___;;;;;;;;;;;;;
435;M015;MULTI METALINDO, P. T.;CLAUDIA;__.___.___._.___.___;;;;;"";;;;;;;;
436;M016;MARELLI TEHNIK;;__.___.___._.___.___;;;;;;;;;;;;;
437;M017;MULYONO;;__.___.___._.___.___;;;;;;;;;;;;;
438;M018;MALIK;;__.___.___._.___.___;;;;;;;;;;;;;
439;M019;MAKMUR INDAH KEMASINDO, P.T.;;__.___.___._.___.___;;;;;;;;;;;;;
440;M020;MULA SAKTI;;__.___.___._.___.___;;;;;;;;;;;;;
441;M021;MARKUS;;__.___.___._.___.___;;;;;;;;;;;;;
442;M022;MUHAMAD;;__.___.___._.___.___;;;;;;;;;;;;;
443;M023;MASKUN;;__.___.___._.___.___;;;;;;;;;;;;;
444;M024;MANTAP;;__.___.___._.___.___;;;;;;;;;;;;;
445;M025;MEITA;;__.___.___._.___.___;;;;;;;;;;;;;
446;M026;MANSYUR;;__.___.___._.___.___;;;;;;;;;;;;;
447;M027;MUMUNG;;__.___.___._.___.___;;;;;;;;;;;;;
448;M028;MITRA LOGAM;BP. HALIM;__.___.___._.___.___;;;;;"";;;;;;;;
449;M029;MAJU BERSAMA;;__.___.___._.___.___;;;;;;;;;;;;;
450;M030;MAKMUR SENTOSA;WILLIAM;__.___.___._.___.___;;;;;;;;;;;;;
451;M031;MAKMUR ABADI;;__.___.___._.___.___;;;;;;;;;;;;;
452;M032;MITRA MANDIRI;TOUFIK;__.___.___._.___.___;;;;;"";;;;;;;;
453;M033;MEGA SAKTI,P. D.;;__.___.___._.___.___;;;;;;;;;;;;;
454;M034;MITRA, P. T.;;__.___.___._.___.___;;;;;;;;;;;;;
455;M035;MULTILAP ADISURYA MANDIRI;;__.___.___._.___.___;;;;;;;;;;;;;
456;M036;MAKFUD;;__.___.___._.___.___;;;;;;;;;;;;;
457;M037;MUNAWAR;;__.___.___._.___.___;;;;;;;;;;;;;
458;M038;MINCE;;__.___.___._.___.___;;;;;;;;;;;;;
459;M039;MAKITA MEGA MAKMUR, P. T;;__.___.___._.___.___;;;;;"JAKARTA.";;;;;;;;0
460;M045;MEGA WIJAYA;BP. FAISAL;__.___.___._.___.___;;;;;"";;;;;;;;
461;M047;MESINDO TEHNIK;BAMBANG;__.___.___._.___.___;;;;;"JAKARTA TIMUR";;;;;;;;
462;M048;MASTRAINCO SURYA DAYA;ROHIM;__.___.___._.___.___;;;;;"";;;;;;;;
463;M051;MW CHEMINDO PT;DHONY SUSANTO;__.___.___._.___.___;;;;;"";;;;;;;;
464;M052;MULTI LOGAM;MURATNO (ADE);__.___.___._.___.___;;;;;"SURABAYA";;;;;;;;
465;M053;MITRA KERJA;TAN PENG AN;__.___.___._.___.___;;;;;"";;;;;;;;
466;M054;MITRA USAHA LOGAM;TATANG;__.___.___._.___.___;;;;;CIBODAS TANGERANG;;;;;;;;
467;M055;MARUTO;MOH. MARUTO;__.___.___._.___.___;;;;;"TANGERANG
";;;;;;;;
468;M056;MULTI ARTA ABADI;UPI;__.___.___._.___.___;;;;;"";;;;;;;;
469;M057;MULTI STEELINDO PERKASA;SUPRATMAN;__.___.___._.___.___;;;;;"";;;;;;;;
470;M059;MANDIRI LOGAM;YAYAN;__.___.___._.___.___;;;;;"JAKARTA";;;;;;;;
471;M060;METAL RECYCLING INDONESIA, CV;BENNY;__.___.___._.___.___;;;;;"TANJUNG PRIUK";;;;;;;;
472;M061;MUHDI;;__.___.___._.___.___;;;;;"TANGERANG";;;;;;;;
473;M062;MULIA PRATAMA BEARINDO, PT.;;__.___.___._.___.___;;;;;"";;;;;;;;
474;M063;METAL ALL HASIL , UD;ARIF EFENDI;__.___.___._.___.___;;;;;"JAKARTA";;;;;;;;
475;M064;MEDYANTO;MEDYANTO;__.___.___._.___.___;;;;;"PALEMBANG";;;;;;;;
476;M065;MITRA LOGAM CV.;BP. ASAN;__.___.___._.___.___;;;;;;;;;;;;;
477;M066;MAJU ELECTRIC GIRINDO, PT.;HALIM;__.___.___._.___.___;;;;;"";;;;;;;;
478;M067;MEYDI;;__.___.___._.___.___;;;;;"";;;;;;;;
479;M068;MASTERINDO LOGAM TEHNIK JAYA, PT.;;__.___.___._.___.___;;;;;"PADALARANG
";;;;;;;;
480;M070;MINANG;;__.___.___._.___.___;;;;;"";;;;;;;;
481;M071;MULTICOM PERSADA INTERNASIONAL, PT.;ZIPORA ARNI;__.___.___._.___.___;021-29516202;;;;"JLN.DAAN MOGOT KM 21 NO.1
";;;;;;;;
482;M072;MITRA TEMBAGA UNGGUL, CV.;;__.___.___._.___.___;;;;;"";;;;;;;;
483;M073;MENEMBUS BATAS, PT.;JAY KUMAS;__.___.___._.___.___;;;;;"JL. HUSEN SASTRANEGARA NO. 100 BENDA TANGERANG";;;;;;;;
484;N001;NEW ASIA;ANTHONY CHANG;__.___.___._.___.___;;;;;;;;;;;;;
485;N002;NANANG;;__.___.___._.___.___;;;;;;;;;;;;;
486;N003;NUGROHO;;__.___.___._.___.___;;;;;"";;;;;;;;
487;N004;NANAN;;__.___.___._.___.___;;;;;;;;;;;;;
488;N005;NURDIN;;__.___.___._.___.___;;;;;;;;;;;;;
489;N006;NURHADI;;__.___.___._.___.___;;;;;;;;;;;;;
490;N007;NASIMA PERSADA NUSANTARA;;__.___.___._.___.___;;;;;;;;;;;;;
491;N008;NAGASENA ADILESTARI;;__.___.___._.___.___;;;;;;;;;;;;;
492;N009;NUSA ABADI,P.T.;;__.___.___._.___.___;;;;;;;;;;;;;
493;N010;NUGRAH TAMA, P. T.;;__.___.___._.___.___;;;;;;;;;;;;;
494;N011;NAUFALINDO;;__.___.___._.___.___;;;;;;;;;;;;;
495;N012;NANCY;;__.___.___._.___.___;;;;;;;;;;;;;
496;N013;NUR;BP. NUR;__.___.___._.___.___;;;;;"";;;;;;;;
497;N015;NURHAYATI LOGAM MANDIRI;HJ. HARUN;__.___.___._.___.___;;;;;"Jl. Raya cacing no. 61 Jakarta Utara";;;;;;;;
498;N017;NOVINDOJAYA PRATAMA MANDIRI, P. T;IBU KANTI;__.___.___._.___.___;021-55952326;;021-55951790;;"JLN. KAMAL RAYA (OUTER RING ROAD) TAMAN PALEM LESTARI BLOK AA1 NO. 6A CENGKARANG BARAT JAKARTA BARAT";;;;;;;;
499;N018;NAWIR RAMLI;BP. MUKTAR;__.___.___._.___.___;;081932336446;;;"TANJUNG PRIOK";;;;;;;;
500;N019;NURHAYATI;;__.___.___._.___.___;;;;;"";;;;;;;;
501;N020;NANDA;;__.___.___._.___.___;;;;;"";;;;;;;;
502;O001;OMETRACO ARYA SAMTA, P. T.;;__.___.___._.___.___;;;;;;;;;;;;;
503;O002;ONE HEART;;__.___.___._.___.___;;;;;;;;;;;;;
504;O003;ORLIKON;BP. ORLIKON;__.___.___._.___.___;;;;;"";;;;;;;;
505;O004;OCEAN BEARING;IBU MERLIN;__.___.___._.___.___;;;;;"JAKARTA";;;;;;;;
506;O006;OKAN;;__.___.___._.___.___;;;;;"";;;;;;;;
507;O007;OKI;;__.___.___._.___.___;;;;;"";;;;;;;;
508;P001;POMALA BINA TAMA, P. T.;;__.___.___._.___.___;;;;;;;;;;;;;
509;P002;PERTAMINA, P. T.;;__.___.___._.___.___;;;;;;;;;;;;;
510;P004;PUJI LESTARI;ROBERT;__.___.___._.___.___;;;;;;;;;;;;;
511;P005;PURI COMPUTER;LIMANTORO;__.___.___._.___.___;;;;;;;;;;;;;
512;P006;PRIMA INDAH LESTARI;;__.___.___._.___.___;;;;;;;;;;;;;
513;P007;PRABA WIRA DEWATA;;__.___.___._.___.___;;;;;;;;;;;;;
514;P008;PRISMA CABLE MITRATAMA, P. T.;;__.___.___._.___.___;;;;;;;;;;;;;
515;P009;PALM SEMESTA;HERRY;__.___.___._.___.___;;;;;"";;;;;;;;
516;P010;PANCADAYA MANUNGGAL SENTOSA;;__.___.___._.___.___;;;;;;;;;;;;;
517;P011;PRESISI, P. T.;WATI;__.___.___._.___.___;;;;;"";;;;;;;;
518;P012;PURNAMA;;__.___.___._.___.___;;;;;;;;;;;;;
519;P013;PIPIT;;__.___.___._.___.___;;;;;;;;;;;;;
520;P014;PRIMA LOGAM;;__.___.___._.___.___;;;;;;;;;;;;;
521;P015;PENTA NIAGA CEMERLANG, P. T.;;__.___.___._.___.___;;;;;;;;;;;;;
522;P016;PRIMA JASA;;__.___.___._.___.___;;;;;;;;;;;;;
523;P017;PETROMITRA PACIFIC, P. T.;;__.___.___._.___.___;;;;;;;;;;;;;
524;P018;PRIMA MITRA ELEKTRINDO, P. T.;;__.___.___._.___.___;;;;;;;;;;;;;
525;P019;PAJA RAYA MOTOR, P. T.;;__.___.___._.___.___;;;;;;;;;;;;;
526;P020;PRYSMIAN CABLES INDUSTRI, P. T.;;__.___.___._.___.___;(021) 5901453;;;(021) 5901455;"";;;;;;;;
527;P021;PUTRA GESANG;ABDUL SYUKUR;__.___.___._.___.___;;;;;"BATU JAYA - TANGERANG. BANTEN";;;;;;;;
528;P025;PRIMA CABLE INDO, P.T.;;__.___.___._.___.___;;;;;"";;;;;;;;
529;P026;PUTRA USAHA;BP. LASDIANTO;__.___.___._.___.___;;;;;"DESA PATI, JAWA TENGAH";;;;;;;;
530;P027;PUTRA TEKNIK;YULIANTO;__.___.___._.___.___;;;;;"";;;;;;;;
531;P028;PUTRA ABADI;;__.___.___._.___.___;;;;;"";;;;;;;;
532;P029;PRIMA MEGAH CV;ROMY LIMIJAYA;__.___.___._.___.___;;;;;"";;;;;;;;
533;P030;PROTEKINDO MITRA UTAMA PT;BPK IVAN;__.___.___._.___.___;021-32714774;;021-70917233;pmu2008@yahoo.com;"
JLN. RADEN SALEH NO. 14 LT. 3 KENARI SENEN JAKARTA 10430";;;;;;;;
534;P031;PRIMA JAYA MAKMUR, C.V;BPK ACHMAD;__.___.___._.___.___;95869663, 59431324;081219555516;59430326;;"
VILLA BALARAJA BLOK F1 NO. 1 TANGERANG";;;;;;;;
535;P032;PROTECH JAYA ABADI;BPK HADI;__.___.___._.___.___;;;;;"";;;;;;;;
536;P033;PUSACO INTERNATIONAL, P. T;BPK RAHMADI;__.___.___._.___.___;021-29374188;;021-29374288;;"JL. RE MARTADINATA RUKO MAHKOTA ANCOL BLOK B NO. 9 JAKUT ";;;;;;;;
537;P035;PARAHITA PRIMA SENTOSA, PT.;WINDY;__.___.___._.___.___;;;;;"";;;;;;;;
538;P036;PANI, P. T.;CHRISTINE;__.___.___._.___.___;;;;;"JL. RAYA PRANCIS NO. 2 BLOK M 30 KP PANTAI INDAH DADAP";;;;;;;;
539;P037;PANDAWA  UD;TEDI;__.___.___._.___.___;;08122131214;;;"JL. IRIGASI DESA CIKULAK - CIREBON";;;;;;;;
540;P038;PRIMA KAWAT MANDIRI, CV.;;__.___.___._.___.___;;;;;"";;;;;;;;
541;P039;PINEM DAIRI LOGAM, UD;;__.___.___._.___.___;;;;;"SEMARANG";;;;;;;;
542;P999;PUNGUTAN;;__.___.___._.___.___;;;;;"";;;;;;;;
543;Q001;QUARTO SKALA INDONESIA;SYAHRUL;__.___.___._.___.___;;;;;;;;;;;;;
544;R001;RICKY;BP. RICKY;__.___.___._.___.___;;;;;"";;;;;;;;
545;R002;RUSDI;;__.___.___._.___.___;;;;;;;;;;;;;
546;R003;RUDI;;__.___.___._.___.___;;;;;;;;;;;;;
547;R004;RUSLAN;;__.___.___._.___.___;;;;;;;;;;;;;
548;R005;RIDWAN;;__.___.___._.___.___;;;;;;;;;;;;;
549;R006;RONI;;__.___.___._.___.___;;;;;;;;;;;;;
550;R007;RUSMIN;;__.___.___._.___.___;;;;;;;;;;;;;
551;R008;RUSMANTO;;__.___.___._.___.___;;;;;;;;;;;;;
552;R009;RUSLI;;__.___.___._.___.___;;;;;;;;;;;;;
553;R010;RANITA SALI KABELTAMA, P. T.;;__.___.___._.___.___;;;;;;;;;;;;;
554;R011;RINTO;;__.___.___._.___.___;;;;;;;;;;;;;
555;R012;ROBERT;;__.___.___._.___.___;;;;;;;;;;;;;
556;R013;RIANTO;;__.___.___._.___.___;;;;;;;;;;;;;
557;R014;RITA;;__.___.___._.___.___;;;;;;;;;;;;;
558;R015;RICKY YUNARA;BP. RICKY;__.___.___._.___.___;;;;;"";;;;;;;;
559;R016;RUSTAM;;__.___.___._.___.___;;;;;;;;;;;;;
560;R017;RINA;;__.___.___._.___.___;;;;;;;;;;;;;
561;R018;RAMLI;;__.___.___._.___.___;;;;;;;;;;;;;
562;R019;RIA M;;__.___.___._.___.___;;;;;"";;;;;;;;
563;R020;RIA SARANA;IBU SELVI;__.___.___._.___.___;;;;;;;;;;;;;
564;R021;RAFLI;;__.___.___._.___.___;;;;;;;;;;;;;
565;R022;RIAN;;__.___.___._.___.___;;;;;;;;;;;;;
566;R023;RAJAWALI NUSINDO;;__.___.___._.___.___;;;;;;;;;;;;;
567;R024;SUMBER MAKMUR, P.T;BP. RUDY;__.___.___._.___.___;;;;;"
";;;;;;;;
568;R025;PD. ROFA ELECTRIC;;__.___.___._.___.___;021.46833571;;;;"JL.DR. KART RAJIMAN WIDYODININGRAT";;;;;;;;
569;R030;RIZKI LOGAM;;__.___.___._.___.___;;;;;"TANGERANG";;;;;;;;
570;R031;RIZKI MANDIRI;NUR KHOLIS;__.___.___._.___.___;;;;;"PONDOK GEDE";;;;;;;;
571;R032;ROYAL PLASTIK;BPK EDI;__.___.___._.___.___;;;;;"TANGERANG";;;;;;;;
572;R033;RANDAVE JAYA, P. D;BPK EDI;__.___.___._.___.___;;;;;"TANGERANG";;;;;;;;
573;R034;RONALD;;__.___.___._.___.___;;;;;"";;;;;;;;
574;R035;ROSIM;;__.___.___._.___.___;;;;;"JAKARTA";;;;;;;;
575;R036;RASI;;__.___.___._.___.___;;;;;"JAKARTA";;;;;;;;
576;R037;REAGAN;;__.___.___._.___.___;;;;;"JAKARTA";;;;;;;;
577;R038;RIFKY;;__.___.___._.___.___;;;;;"";;;;;;;;
578;R039;ROSMALA;;__.___.___._.___.___;;;;;"";;;;;;;;
579;R040;REGAND;JAKARTA;__.___.___._.___.___;;;;;"";;;;;;;;
580;R999;ROLLING;;__.___.___._.___.___;;;;;;;;;;;;;
581;S001;SABAR;HENI;__.___.___._.___.___;;;;;;;;;;;;;
582;S002;SADIKUN NIAGAMAS RAYA, P. T.;SRI;__.___.___._.___.___;;;;;"";;;;;;;;
583;S003;SRIWIJAYA;PIE LIE;__.___.___._.___.___;;;;;"";;;;;;;;
584;S004;SUMBER BUDI SAKTI;LISI;__.___.___._.___.___;;;;;;;;;;;;;
585;S005;SUMI INDO, P. T.;;__.___.___._.___.___;;;;;;;;;;;;;
586;S006;SURYA UNGGUL;;__.___.___._.___.___;;;;;;;;;;;;;
587;S007;SEMEN BOX, P. T.;;__.___.___._.___.___;;;;;;;;;;;;;
588;S008;SAMA JAYA, P. T.;;__.___.___._.___.___;;;;;;;;;;;;;
589;S010;SUMBER JAYA;AFUK;__.___.___._.___.___;;;;;;;;;;;;;
590;S011;SELATAN TOKO;;__.___.___._.___.___;;;;;;;;;;;;;
591;S012;SETIA AGUNG SEAL;DESY;__.___.___._.___.___;;;;;"";;;;;;;;
592;S013;SERBA INDUSTRIAL;AKWET;__.___.___._.___.___;;;;;;;;;;;;;
593;S014;SENG LIP;IBU AIRIN;__.___.___._.___.___;;;;;"";;;;;;;;
594;S015;SUMBER LANCAR;;__.___.___._.___.___;;;;;;;;;;;;;
595;S016;SUTARNO;;__.___.___._.___.___;;;;;;;;;;;;;
596;S017;SUTANTO;;__.___.___._.___.___;;;;;;;;;;;;;
597;S018;SULAIMAN;;__.___.___._.___.___;;;;;;;;;;;;;
598;S019;SINAR BARU SURABAYA, P. T.;;__.___.___._.___.___;;;;;;;;;;;;;
599;S020;SIBALEC, P. T;;__.___.___._.___.___;;;;;;;;;;;;;
600;S021;SUMBER DAYA SINAR BARU, P. T.;;__.___.___._.___.___;;;;;;;;;;;;;
601;S022;SUMBER METALINDO INTINUSA;;__.___.___._.___.___;;;;;;;;;;;;;
602;S023;SETIA SAPTA, P. T.;;__.___.___._.___.___;;;;;;;;;;;;;
603;S024;SURYA KENCANA;;__.___.___._.___.___;;;;;;;;;;;;;
604;S025;SIBALEC POWEL CABLE & E.S, P. T.;;__.___.___._.___.___;;;;;;;;;;;;;
605;S030;SINAR BARU TETAP AGUNG, P. T;;__.___.___._.___.___;;;;;;;;;;;;;
606;S031;SIGNAL LINK NUSANTARA, P. T.;;__.___.___._.___.___;;;;;;;;;;;;;
607;S032;SUCACO, P. T.;;__.___.___._.___.___;;;;;;;;;;;;;
608;S033;SURYA MITRA TEKNIK;LILI;__.___.___._.___.___;;;;;;;;;;;;;
609;S034;SINAR INDAH;IWAN;__.___.___._.___.___;;;;;;;;;;;;;
610;S035;SUMBER BARU;;__.___.___._.___.___;;;;;;;;;;;;;
611;S036;SUNAN KENCANA;;__.___.___._.___.___;;;;;;;;;;;;;
612;S037;SANLI PARTA;ARIP;__.___.___._.___.___;;;;;"";;;;;;;;
613;S038;SLS BERINDO;;__.___.___._.___.___;;;;;;;;;;;;;
614;S039;SURYANADI;;__.___.___._.___.___;;;;;;;;;;;;;
615;S040;SINAR PLASTIK;;__.___.___._.___.___;;;;;;;;;;;;;
616;S041;SURYATAMA ARTA MEGAH;;__.___.___._.___.___;;;;;;;;;;;;;
617;S042;SUNDORO;;__.___.___._.___.___;;;;;;;;;;;;;
618;S043;SUKARDI;;__.___.___._.___.___;;;;;;;;;;;;;
619;S044;SUKOCO;;__.___.___._.___.___;;;;;;;;;;;;;
620;S045;SUGANDI;;__.___.___._.___.___;;;;;;;;;;;;;
621;S046;SUWARNO;;__.___.___._.___.___;;;;;;;;;;;;;
622;S047;SURYA TERANG, P. T.;;__.___.___._.___.___;;;;;;;;;;;;;
623;S048;SAMSUL;;__.___.___._.___.___;;;;;;;;;;;;;
624;S049;SUTRISNO;;__.___.___._.___.___;;;;;;;;;;;;;
625;S050;SARANA TEKNIK INDUSTRI, P. T.;;__.___.___._.___.___;;;;;;;;;;;;;
626;S051;STEFANI;;__.___.___._.___.___;;;;;;;;;;;;;
627;S052;SUTOMO;;__.___.___._.___.___;;;;;;;;;;;;;
628;S053;SURYA INTI PRATAMA, P. T.;;__.___.___._.___.___;;;;;;;;;;;;;
629;S054;SUGIMAN TINDJAU;;__.___.___._.___.___;;;;;;;;;;;;;
630;S055;SARTI;;__.___.___._.___.___;;;;;;;;;;;;;
631;S056;SINAR BARU;;__.___.___._.___.___;;;;;;;;;;;;;
632;S057;SUGENG;;__.___.___._.___.___;;;;;;;;;;;;;
633;S058;SUSILO;;__.___.___._.___.___;;;;;;;;;;;;;
634;S059;SUYANTO;;__.___.___._.___.___;;;;;;;;;;;;;
635;S060;SUTEJO;;__.___.___._.___.___;;;;;;;;;;;;;
636;S061;SUTRADO;;__.___.___._.___.___;;;;;;;;;;;;;
637;S062;SUTRA KABEL INTIMANDIRI, P. T.;;__.___.___._.___.___;;;;;;;;;;;;;
638;S063;SIGIT;;__.___.___._.___.___;;;;;;;;;;;;;
639;S064;SURYONO;;__.___.___._.___.___;;;;;;;;;;;;;
640;S065;SUGITO;;__.___.___._.___.___;;;;;;;;;;;;;
641;S066;SEPTIAN;;__.___.___._.___.___;;;;;;;;;;;;;
642;S067;SINAR BAHAGIA;;__.___.___._.___.___;;;;;;;;;;;;;
643;S068;SYSCONINDO;;__.___.___._.___.___;;;;;;;;;;;;;
644;S069;STARION;;__.___.___._.___.___;;;;;;;;;;;;;
645;S070;SARANA MAKMUR BERSAMA;;__.___.___._.___.___;;;;;;;;;;;;;
646;S071;SINAR MAKMUR JAYA;KO ACUN;__.___.___._.___.___;;;;;;;;;;;;;
647;S072;SUKANDAR;;__.___.___._.___.___;;;;;;;;;;;;;
648;S073;SUMBER REJEKI;;__.___.___._.___.___;;;;;;;;;;;;;
649;S074;SETIA MOTOR;;__.___.___._.___.___;;;;;;;;;;;;;
650;S075;SINAR SURYA ABADI;AHMAD;__.___.___._.___.___;;;;;;;;;;;;;
651;S076;SHANGHAI BENGKEL;;__.___.___._.___.___;;;;;;;;;;;;;
652;S077;SAHABAT INDONESIA INTIMANDIRI, P. T.;;__.___.___._.___.___;;;;;;;;;;;;;
653;S078;SINAR TIMUR;;__.___.___._.___.___;;;;;;;;;;;;;
654;S079;SURYADI;BP. SURYADI;__.___.___._.___.___;;;;;"";;;;;;;;
655;S080;SUNARYO;;__.___.___._.___.___;;;;;;;;;;;;;
656;S081;SUPOMO;;__.___.___._.___.___;;;;;;;;;;;;;
657;S082;SIBIYANTO;;__.___.___._.___.___;;;;;;;;;;;;;
658;S083;SEMBADA MANDIRI LESTARI;;__.___.___._.___.___;;;;;;;;;;;;;
659;S084;SURYA;;__.___.___._.___.___;;;;;;;;;;;;;
660;S085;SAMSUDIN;;__.___.___._.___.___;;;;;;;;;;;;;
661;S086;SUTOPO;;__.___.___._.___.___;;;;;;;;;;;;;
662;S087;SUNARDI;;__.___.___._.___.___;;;;;;;;;;;;;
663;S088;SUBROTO;;__.___.___._.___.___;;;;;;;;;;;;;
664;S089;SINAR PURNAMA;;__.___.___._.___.___;;;;;;;;;;;;;
665;S090;SUTANTO ARIFCHANDRA ELECTRIC, P. T.;;__.___.___._.___.___;;;;;;;;;;;;;
666;S091;SUMARNO;;__.___.___._.___.___;;;;;;;;;;;;;
667;S092;SUKANDAR;;__.___.___._.___.___;;;;;;;;;;;;;
668;S093;SUHARNI;;__.___.___._.___.___;;;;;;;;;;;;;
669;S094;SUMBER NIAGAMAS;;__.___.___._.___.___;;;;;;;;;;;;;
670;S095;SATUMAN;BP. SATUMAN;__.___.___._.___.___;;;;;"";;;;;;;;
671;S096;SURYA MANDIRI LOGAM, P.T.;BP. MURADNO;__.___.___._.___.___;;;;;"SURABAYA";;;;;;;;
672;S097;SRI REJEKI, P. T.;IBU SOLEHA;__.___.___._.___.___;;;;;"TANGERANG
";;;;;;;;
673;S104;SETIA KAWAN;ERIK;__.___.___._.___.___;;;;;"";;;;;;;;
674;S105;SMOOTH JAYA MANDIRI, P. T;BPK LUCKY;__.___.___._.___.___;;;;;"
";;;;;;;;
675;S106;SUN KING HING;MR.LIE;__.___.___._.___.___;;;;;"";;;;;;;;
676;S108;SUMBER GLOBALINDO MINING , P.T.;INDRA;__.___.___._.___.___;;;;;"CIREBON";;;;;;;;
677;S109;SAYAP MAS PT;DENNY SETIAWAN;__.___.___._.___.___;;;;;"";;;;;;;;
678;S110;SWIFONG MACHINERY CO.LTD;MEI LING LIN;__.___.___._.___.___;;;;;"";;;;;;;;
679;S111;SURYA MAKMUR SEJATI;OSCAR;__.___.___._.___.___;;;;;"";;;;;;;;
680;S112;SUHERMAN;BP. SUHERMAN;__.___.___._.___.___;;;;;"PEKAN BARU";;;;;;;;
681;S116;SINAR JAYA;ANNA;__.___.___._.___.___;;;;;"TANJUNG PRIOK";;;;;;;;
682;S117;SPEEDY PRINTING;BPK YUDI;__.___.___._.___.___;021-54357004;08561675880;021-54356974;;"KOMP MUTIARA TAMAN PALEM BLOK C2/33 JAKARTA BARAT 11730 INDONESIA ";;;;;;;;
683;S118;SUMBER PERKASA JAYATAMA, P.T;BPK MARHENDI;__.___.___._.___.___;;;;;"GLODOK";;;;;;;;
684;S119;SAIMIN;BPK SAIMIN;__.___.___._.___.___;;;;;"JAKARTA";;;;;;;;
685;S120;SARLOM SAKTI, P. T;;__.___.___._.___.___;;;;;"MEDAN";;;;;;;;
686;S121;SANTO RUBBER FACTORY;IBU MARINA / BPK JUSUF SIDIK;__.___.___._.___.___;;;;;"JAKARTA";;;;;;;;
687;S122;SAHABAT MITRA INTRABUANA, P. T;IBU NIA;__.___.___._.___.___;;;;;"JAKARTA";;;;;;;;
688;S123;SEMANGAT RAYA;BPK JIMMY;__.___.___._.___.___;;;;;"JAKARTA";;;;;;;;
689;S124;SURYA ABADI;BPK ANTONIO;__.___.___._.___.___;;;;;"JAKBAR";;;;;;;;
690;S125;SINAR INTI INDOPRATAMA, P. T;BPK ZAKARIA;__.___.___._.___.___;;;;;"JAKBAR";;;;;;;;
691;S126;SINAR SURYA P.T.;;__.___.___._.___.___;;;;;"";;;;;;;;
692;S127;SURYA PLASCO, PT.;;__.___.___._.___.___;;;;;"";;;;;;;;
693;S128;SUGIH JAYA;SUGIARTO;__.___.___._.___.___;;;;;"JAKARTA";;;;;;;;
694;S129;SIN SIN;BP. DANIEL;__.___.___._.___.___;;;;;"";;;;;;;;
695;S130;SUPER METAL BANGKA JAYA ABADI;;__.___.___._.___.___;;;;;"";;;;;;;;
696;S131;SINAR INTAN;;__.___.___._.___.___;;;;;"";;;;;;;;
697;S132;SARANA CIPTA PERKASA, PT.;;__.___.___._.___.___;;;;;"";;;;;;;;
698;S133;SINAR ARTHA NUSA, PT.;;__.___.___._.___.___;;;;;"";;;;;;;;
699;S134;SINAR SUBUR;;__.___.___._.___.___;;;;;"";;;;;;;;
700;S135;SINAR LOGAM;;__.___.___._.___.___;;;;;"";;;;;;;;
701;S136;SAMPOERNA PRINTPACK;;__.___.___._.___.___;;;;;;;;;;;;;
702;S139;SULIS;;__.___.___._.___.___;;;;;"";;;;;;;;
703;S140;SUKMA;;__.___.___._.___.___;;;;;"";;;;;;;;
704;S141;SANTI;;__.___.___._.___.___;;;;;"";;;;;;;;
705;S142;SANJAYA;;__.___.___._.___.___;;;;;"";;;;;;;;
706;S143;SUMBER REJEKI ALUMUNIUM;BP. SUNARYO;__.___.___._.___.___;;;;;"JL.PETA SELATAN JAKARTA";;;;;;;;
707;S144;SINAR DEWI;PAK AAN;__.___.___._.___.___;;;;;"TANGERANG";;;;;;;;
708;S145;SABRINA;SABRINA;__.___.___._.___.___;;;;;"JAKARTA BARAT";;;;;;;;
709;S147;SUGIH COPPER, CV.;;__.___.___._.___.___;;;;;"TANGERANG";;;;;;;;
710;S148;STAR COPPER NUSANTARA, CV.;;__.___.___._.___.___;;;;;"";;;;;;;;
711;S149;SUKSES MITRA CHEMINDO, PT.;;__.___.___._.___.___;;;;;"";;;;;;;;
712;S150;SUARDI;;__.___.___._.___.___;;;;;SURABAYA;;;;;;;;
713;S999;SDM;;__.___.___._.___.___;;;;;;;;;;;;;
714;T001;TISA, P. T.;BAHRI;__.___.___._.___.___;;;;;;;;;;;;;
715;T002;TEMBAGA MULIA SEMANAN, P. T.;MAN LIE/BP.HANDY;__.___.___._.___.___;;;;;"";;;;;;;;
716;T003;TALIMAS;;__.___.___._.___.___;;;;;;;;;;;;;
717;T004;TEKNIK MAKMUR;AGUS;__.___.___._.___.___;;;;;;;;;;;;;
718;T005;TUNAS PUTRA, P. T.;;__.___.___._.___.___;;;;;;;;;;;;;
719;T006;TEKNO BANGKIT;SWARTO;__.___.___._.___.___;;;;;;;;;;;;;
720;T007;TRAVINDO PRIMA PERKASA;ACHMAD;__.___.___._.___.___;;;;;;;;;;;;;
721;T008;TIARA SERVICE;AFAT;__.___.___._.___.___;;;;;;;;;;;;;
722;T009;TEKKINDO CENTRA DAYA;ARIYANTO;__.___.___._.___.___;;;;;"";;;;;;;;
723;T010;TIRTA;;__.___.___._.___.___;;;;;;;;;;;;;
724;T011;TRITECH/BENGKEL SHANGHAI;ALEN;__.___.___._.___.___;;;;;;;;;;;;;
725;T012;THOMAS;;__.___.___._.___.___;;;;;;;;;;;;;
726;T013;TUGU PAKULONANTHOMAS;BUDI;__.___.___._.___.___;;;;;"";;;;;;;;
727;T014;TONY;;__.___.___._.___.___;;;;;;;;;;;;;
728;T015;TIGAPUTRA ADHI MANDIRI, P. T;;__.___.___._.___.___;;;;;;;;;;;;;
729;T016;TRANKA KABEL PT;;__.___.___._.___.___;;;;;"";;;;;;;;
730;T017;TIGA PUTRA JAYA;;__.___.___._.___.___;;;;;;;;;;;;;
731;T018;TIRA ANDALAN STEEL;;__.___.___._.___.___;;;;;;;;;;;;;
732;T019;TUNGGAL JAYA PARI, P. T.;;__.___.___._.___.___;;;;;;;;;;;;;
733;T020;TONO;;__.___.___._.___.___;;;;;;;;;;;;;
734;T021;TANTOWI;;__.___.___._.___.___;;;;;;;;;;;;;
735;T022;TARUNA;;__.___.___._.___.___;;;;;;;;;;;;;
736;T023;TAMING DINAMIKA;;__.___.___._.___.___;;;;;;;;;;;;;
737;T024;TOFIK;;__.___.___._.___.___;;;;;;;;;;;;;
738;T025;TELITI;;__.___.___._.___.___;;;;;;;;;;;;;
739;T026;TEGUH;;__.___.___._.___.___;;;;;;;;;;;;;
740;T027;TATANG;;__.___.___._.___.___;;;;;;;;;;;;;
741;T028;TEBING MAS JAYAUTAMA, P. T.;;__.___.___._.___.___;;;;;;;;;;;;;
742;T029;TERINDA BAKTI UTAMA, P. T.;;__.___.___._.___.___;;;;;;;;;;;;;
743;T030;TRI KARYA;;__.___.___._.___.___;;;;;;;;;;;;;
744;T031;TIRTA TEKNOSYS;BP. SAM/BP. BOY;__.___.___._.___.___;;;;;;;;;;;;;
745;T032;TIGA SAUDAR;;__.___.___._.___.___;;;;;;;;;;;;;
746;T033;TERANG KITA;;__.___.___._.___.___;;;;;;;;;;;;;
747;T034;TRISNO;;__.___.___._.___.___;;;;;;;;;;;;;
748;T035;TARMIZI;;__.___.___._.___.___;;;;;;;;;;;;;
749;T036;TATANG;;__.___.___._.___.___;;;;;;;;;;;;;
750;T037;TUNAS RUANG MESIN;;__.___.___._.___.___;;;;;;;;;;;;;
751;T039;TERUS JAYA;;__.___.___._.___.___;;;;;"";;;;;;;;
752;T040;TRIMUSTIKA;FREDY;__.___.___._.___.___;;;;;"JAKARTA BARAT";;;;;;;;
753;T041;TEGMARCO UTAMA;MEILY S;__.___.___._.___.___;;;;;"
";;;;;;;;
754;T042;TJOKRO BERSAUDARA;SUTRISNO;__.___.___._.___.___;;;;;"";;;;;;;;
755;T043;TAMAKO ENGENERING PT.;IR.HENRY;__.___.___._.___.___;;;;;"";;;;;;;;
756;T044;TUNAS JAYA PT;VIVI;__.___.___._.___.___;;;;;"";;;;;;;;
757;T045;TRI R JAYA PURNAMA;RATMI;__.___.___._.___.___;;;;;"";;;;;;;;
758;T046;TECHNO BANGKIT MANDIRI;SUWARTO;__.___.___._.___.___;;;;;"";;;;;;;;
759;T048;TOYO DIES INDONESIA, PT.;BPK MARKIM;__.___.___._.___.___;0267-440362/364;081385063137;0267-440528/363;;"JL. SURYA MADYA KAV. 1-15B SURYACIPTA CITY OF INDUSTRY TELUK JAMBE KARAWANG 41361";;;;;;;;
760;T049;TECO MULTIGUNA ELEKTRO, P. T;BPK BASUKI;__.___.___._.___.___;;;;;"JAKARTA";;;;;;;;
761;T051;TRIAS KEMAS UTAMA, PT.;;__.___.___._.___.___;;;;;"";;;;;;;;
762;T052;THEA THEO STATIONARY;;__.___.___._.___.___;;;;;"";;;;;;;;
763;T053;TIKNO;;__.___.___._.___.___;;;;;"";;;;;;;;
764;T054;TONY;;__.___.___._.___.___;;;;;"";;;;;;;;
765;T055;TIFRA;;__.___.___._.___.___;;;;;"";;;;;;;;
766;T056;TADIN;;__.___.___._.___.___;;;;;"";;;;;;;;
767;T057;THE 4 TEAM;FANDY;__.___.___._.___.___;;;;;"JAKARTA";;;;;;;;
768;U001;UTAMA MAKMUR;ADILA;__.___.___._.___.___;;;;;;;;;;;;;
769;U002;USAHA BARU,UD;HAJI BAHAR;__.___.___._.___.___;;;;;;;;;;;;;
770;U003;UNGGUL CIPTA INDRA MEGAH, P. T;;__.___.___._.___.___;;;;;;;;;;;;;
771;U004;UNITAMA, P. T.;;__.___.___._.___.___;;;;;;;;;;;;;
772;U005;USMAN;;__.___.___._.___.___;;;;;;;;;;;;;
773;U006;UTOMO;;__.___.___._.___.___;;;;;;;;;;;;;
774;U007;UNTUNG;;__.___.___._.___.___;;;;;;;;;;;;;
775;U008;UNI STAR UTAMA, PT.;BP. ARIF;__.___.___._.___.___;(024)7623554,7611910;;;;"KAWASAN INDUSTRI CANDI JL. GATOT SUBROTO I/10 SEMARANG.";;;;;;;;
776;U009;UD. 3AN BRE I;BP. ANDI ANTO T.;__.___.___._.___.___;( 021 ) 55962420;08179114466;;;"Jl. Raya Prancis, Kp> Bendungan Rt. 02 Rw. 012 No. 99, Dadap - Tangerang.";;;;;;;;
777;U010;USAHA SARANA ELECTRICAL;ULLIE;__.___.___._.___.___;;;;;"";;;;;;;;
778;U011;USAHA BARU;YADI;__.___.___._.___.___;;;;;"";;;;;;;;
779;U012;USAHA BARU;SUHERMAN;__.___.___._.___.___;;;;;"";;;;;;;;
780;U013;USAHA BERSAMA;SYAFI I;__.___.___._.___.___;;;;;"JARTA TIMUR";;;;;;;;
781;U014;USAHA KEKER MANDIRI;SUPOMO;__.___.___._.___.___;;;;;"";;;;;;;;
782;U015;UTAMA SERVICE;BP. YASIR;__.___.___._.___.___;;;;;"
";;;;;;;;
783;U016;UNICAL GREASE INDONESIA , PT.;;__.___.___._.___.___;;;;;"";;;;;;;;
784;V001;VOKSEL ELECTRIC , P.T.;LUSI/WULAN;__.___.___._.___.___;;;;;;;;;;;;;
785;V002;VERIA MOTOR;;__.___.___._.___.___;;;;;;;;;;;;;
786;V003;VEKTORIA;;__.___.___._.___.___;;;;;;;;;;;;;
787;V004;VINSEN;;__.___.___._.___.___;;;;;"";;;;;;;;
788;V005;VGA SCALE INDONESIA, P. T;BPK ABDUL SYUKUR;__.___.___._.___.___;;;;;"JAKARTA";;;;;;;;
789;W001;WEMPY;WEMPY;__.___.___._.___.___;;;;;"";;;;;;;;
790;W002;WAWAN;;__.___.___._.___.___;;;;;;;;;;;;;
791;W003;WALUYO;;__.___.___._.___.___;;;;;;;;;;;;;
792;W004;WAHYU;;__.___.___._.___.___;;;;;;;;;;;;;
793;W005;WISNU;;__.___.___._.___.___;;;;;;;;;;;;;
794;W006;WIDODO;;__.___.___._.___.___;;;;;;;;;;;;;
795;W007;WILLY;;__.___.___._.___.___;;;;;;;;;;;;;
796;W008;WAHANA RAKSA KENCANA;;__.___.___._.___.___;;;;;;;;;;;;;
797;W009;WASPAN;;__.___.___._.___.___;;;;;;;;;;;;;
798;W010;WICAKSOSO;;__.___.___._.___.___;;;;;;;;;;;;;
799;W011;WENY;;__.___.___._.___.___;;;;;;;;;;;;;
800;W013;WIJAYA SAKTI;;__.___.___._.___.___;;;;;;;;;;;;;
801;W014;WILSON, P. T.;;__.___.___._.___.___;;;;;;;;;;;;;
802;W015;WAHYUDI;;__.___.___._.___.___;;;;;;;;;;;;;
803;W017;WAHANA WIRAWAN, P. T;;__.___.___._.___.___;;;;;"";;;;;;;;
804;W018;WINTECH PT;BPK.ADWINC;__.___.___._.___.___;;;;;"";;;;;;;;
805;W020;WAHANA MAS MULIA, P. T;IBU AMY;__.___.___._.___.___;;;;;"JAKBAR";;;;;;;;
806;W021;WAHYU JAYA KESUMA;BP. WAHYU;__.___.___._.___.___;;;;;"";;;;;;;;
807;Y001;YOSA;;__.___.___._.___.___;;;;;;;;;;;;;
808;Y002;YAHYA;;__.___.___._.___.___;;;;;;;;;;;;;
809;Y003;YOYOK;;__.___.___._.___.___;;;;;;;;;;;;;
810;Y004;YANCE;;__.___.___._.___.___;;;;;;;;;;;;;
811;Y005;YUDI;;__.___.___._.___.___;;;;;;;;;;;;;
812;Y007;YESI;;__.___.___._.___.___;;;;;;;;;;;;;
813;Y008;YAYAN;;__.___.___._.___.___;;;;;;;;;;;;;
814;Y009;YULIS TIRAS ANDALAS;BP. BAMBANG;__.___.___._.___.___;;;;;;;;;;;;;
815;Y010;YETI;;__.___.___._.___.___;;;;;"";;;;;;;;
816;Y011;YASIR;;__.___.___._.___.___;;;;;;;;;;;;;
817;Z001;ZE-ZEN;;__.___.___._.___.___;;;;;;;;;;;;;
818;Z002;ZAENAL;;__.___.___._.___.___;;;;;;;;;;;;;
819;Z004;ZULKIPLI;;__.___.___._.___.___;;;;;"";;;;;;;;
